dataset,family,group,label,recall,qps,direction,p,floor,k,beam,edges,hops,bestfirst,walk_l,rounds,frontier,run_index,load1,run_mirror_max,run_finished
cohere10m,hybrid,cohere10m/hybrid,r9461,0.9461,1754.0,R05,16,500,16,24,16,1,0,,,,34,25.37,0.009692132269099202,2026-07-29T12:06:33.900856+00:00
cohere10m,hybrid,cohere10m/hybrid,r9707,0.9707,1189.0,F01,32,1000,16,24,16,2,0,,,,34,25.37,0.009692132269099202,2026-07-29T12:06:33.900856+00:00
cohere10m,hybrid,cohere10m/hybrid,r9832,0.9832,763.0,F02,64,2000,16,24,16,3,0,,,,34,25.37,0.009692132269099202,2026-07-29T12:06:33.900856+00:00
cohere10m,hybrid,cohere10m/hybrid,r9871,0.9871,587.0,R02,96,3000,16,24,16,3,0,,,,34,25.37,0.009692132269099202,2026-07-29T12:06:33.900856+00:00
cohere10m,hybrid,cohere10m/hybrid,r9904,0.9904,481.0,F04,128,4000,16,24,16,3,0,,,,34,25.37,0.009692132269099202,2026-07-29T12:06:33.900856+00:00
cohere10m,hybrid,cohere10m/hybrid,r9912,0.9912,481.0,F05,128,4000,20,24,16,3,0,,,,34,25.37,0.009692132269099202,2026-07-29T12:06:33.900856+00:00
cohere1m,cascade,cohere1m/cascade,r9732,0.9732,1321.0,R05,96,3000,20,0,0,0,0,,,,33,23.73,0.006813020439061317,2026-07-29T11:59:57.190717+00:00
cohere1m,cascade,cohere1m/cascade,r9814,0.9814,1056.0,R04,128,4000,16,0,0,0,0,,,,33,23.73,0.006813020439061317,2026-07-29T11:59:57.190717+00:00
cohere1m,cascade,cohere1m/cascade,r9900,0.99,754.0,R03,192,6000,20,0,0,0,0,,,,33,23.73,0.006813020439061317,2026-07-29T11:59:57.190717+00:00
cohere1m,cascade,cohere1m/cascade,r9925,0.9925,588.0,F03,256,8000,16,0,0,0,0,,,,33,23.73,0.006813020439061317,2026-07-29T11:59:57.190717+00:00
cohere1m,cascade,cohere1m/cascade,r9967,0.9967,410.0,F04,384,12000,20,0,0,0,0,,,,33,23.73,0.006813020439061317,2026-07-29T11:59:57.190717+00:00
cohere1m,cascade,cohere1m/cascade,r9971,0.9971,317.0,F05,512,16000,16,0,0,0,0,,,,33,23.73,0.006813020439061317,2026-07-29T11:59:57.190717+00:00
deep10m,cascade,deep10m/cascade,r9265,0.9265,5422.0,R16,20,192,16,16,24,2,1,,,,22,30.23,0.011250461084470675,2026-07-29T11:31:44.787211+00:00
deep10m,cascade,deep10m/cascade,r9426,0.9425,4790.0,R15,24,320,32,12,32,2,1,,,,22,30.23,0.011250461084470675,2026-07-29T11:31:44.787211+00:00
deep10m,cascade,deep10m/cascade,r9603,0.9603,3986.0,R14,28,256,48,24,32,2,1,,,,22,30.23,0.011250461084470675,2026-07-29T11:31:44.787211+00:00
deep10m,cascade,deep10m/cascade,r9720,0.972,3197.0,R13,32,450,32,24,32,3,1,,,,22,30.23,0.011250461084470675,2026-07-29T11:31:44.787211+00:00
deep10m,cascade,deep10m/cascade,r9814,0.9811,2585.0,R12,64,450,32,24,32,3,1,,,,22,30.23,0.011250461084470675,2026-07-29T11:31:44.787211+00:00
deep10m,cascade,deep10m/cascade,r9907,0.9908,1765.0,R11,128,450,32,24,32,3,1,,,,22,30.23,0.011250461084470675,2026-07-29T11:31:44.787211+00:00
deep10m,cascade,deep10m/cascade,r9940,0.9941,1330.0,R10,192,450,64,24,32,3,1,,,,22,30.23,0.011250461084470675,2026-07-29T11:31:44.787211+00:00
deep10m,cascade,deep10m/cascade,r9948,0.9948,1182.0,F07,224,450,64,24,32,3,1,,,,22,30.23,0.011250461084470675,2026-07-29T11:31:44.787211+00:00
deep10m,cascade,deep10m/cascade,r9951,0.9951,1055.0,R08,256,450,64,24,32,3,1,,,,22,30.23,0.011250461084470675,2026-07-29T11:31:44.787211+00:00
deep10m,cascade,deep10m/cascade,r9959,0.9958,874.0,R07,320,450,64,24,32,3,1,,,,22,30.23,0.011250461084470675,2026-07-29T11:31:44.787211+00:00
deep10m,cascade,deep10m/cascade,r9967,0.9966,774.0,F10,384,450,64,24,32,3,1,,,,22,30.23,0.011250461084470675,2026-07-29T11:31:44.787211+00:00
deep10m,cascade,deep10m/cascade,r9976,0.9976,626.0,F11,512,450,64,24,32,3,1,,,,22,30.23,0.011250461084470675,2026-07-29T11:31:44.787211+00:00
deep10m,cascade,deep10m/cascade,r9978,0.9978,545.0,F12,608,450,64,24,32,3,1,,,,22,30.23,0.011250461084470675,2026-07-29T11:31:44.787211+00:00
deep10m,cascade,deep10m/cascade,tail704,0.9978,485.0,R03,704,450,64,24,32,3,1,,,,22,30.23,0.011250461084470675,2026-07-29T11:31:44.787211+00:00
deep10m,cascade,deep10m/cascade,tail768,0.998,452.0,F14,768,450,64,24,32,3,1,,,,22,30.23,0.011250461084470675,2026-07-29T11:31:44.787211+00:00
deep10m,cascade,deep10m/cascade,tail896,0.998,397.0,F15,896,450,64,24,32,3,1,,,,22,30.23,0.011250461084470675,2026-07-29T11:31:44.787211+00:00
deep10m,cascade,deep10m/cascade,tail1024,0.998,356.0,F16,1024,450,64,24,32,3,1,,,,22,30.23,0.011250461084470675,2026-07-29T11:31:44.787211+00:00
deep10m,walk,deep10m/walk,r8041,0.8041,17977.0,F00,,,,,,,,25,0,16,37,24.02,0.00824014125956445,2026-07-29T12:40:11.341657+00:00
deep10m,walk,deep10m/walk,r8334,0.8334,15368.0,F01,,,,,,,,14,4,11,37,24.02,0.00824014125956445,2026-07-29T12:40:11.341657+00:00
deep10m,walk,deep10m/walk,r8538,0.8538,13241.0,R04,,,,,,,,16,4,15,37,24.02,0.00824014125956445,2026-07-29T12:40:11.341657+00:00
deep10m,walk,deep10m/walk,r8682,0.8682,11893.0,R03,,,,,,,,16,4,19,37,24.02,0.00824014125956445,2026-07-29T12:40:11.341657+00:00
deep10m,walk,deep10m/walk,r8842,0.8842,10531.0,R02,,,,,,,,14,8,10,37,24.02,0.00824014125956445,2026-07-29T12:40:11.341657+00:00
deep10m,walk,deep10m/walk,r8941,0.8941,9445.0,R01,,,,,,,,20,9,10,37,24.02,0.00824014125956445,2026-07-29T12:40:11.341657+00:00
deep10m,walk,deep10m/walk,r9032,0.9032,8678.0,F06,,,,,,,,14,8,14,37,24.02,0.00824014125956445,2026-07-29T12:40:11.341657+00:00
mst30m,cascade,mst30m/cascade,r7268,0.7268,3756.0,R07,1,150,32,24,32,3,1,,,,35,24.29,0.004724409448818898,2026-07-29T12:13:47.074807+00:00
mst30m,cascade,mst30m/cascade,r7900,0.79,3514.0,R06,2,250,32,24,32,3,1,,,,35,24.29,0.004724409448818898,2026-07-29T12:13:47.074807+00:00
mst30m,cascade,mst30m/cascade,r8471,0.8471,3175.0,R05,4,400,32,24,32,3,1,,,,35,24.29,0.004724409448818898,2026-07-29T12:13:47.074807+00:00
mst30m,cascade,mst30m/cascade,r9109,0.9109,2253.0,R04,16,700,32,24,32,3,1,,,,35,24.29,0.004724409448818898,2026-07-29T12:13:47.074807+00:00
mst30m,cascade,mst30m/cascade,r9483,0.9483,1462.0,R03,32,1000,32,32,32,4,1,,,,35,24.29,0.004724409448818898,2026-07-29T12:13:47.074807+00:00
mst30m,cascade,mst30m/cascade,r9686,0.9686,857.0,R02,64,1800,16,48,32,5,1,,,,35,24.29,0.004724409448818898,2026-07-29T12:13:47.074807+00:00
mst30m,cascade,mst30m/cascade,r9819,0.9819,458.0,R01,160,3500,16,64,32,6,1,,,,35,24.29,0.004724409448818898,2026-07-29T12:13:47.074807+00:00
mst30m,cascade,mst30m/cascade,r9883,0.9883,245.0,F07,384,7000,16,64,32,8,1,,,,35,24.29,0.004724409448818898,2026-07-29T12:13:47.074807+00:00
t2i100m,nd16,t2i100m/nd16,r8796,0.8796,977.0,R04,40,8000,20,64,16,1,0,,,,23,25.53,0.00782122905027933,2026-07-29T11:36:16.129932+00:00
t2i100m,nd16,t2i100m/nd16,r8951,0.8951,895.0,R03,52,8000,20,64,16,1,0,,,,23,25.53,0.00782122905027933,2026-07-29T11:36:16.129932+00:00
t2i100m,nd16,t2i100m/nd16,r9049,0.9049,836.0,R02,64,8000,20,64,16,1,0,,,,23,25.53,0.00782122905027933,2026-07-29T11:36:16.129932+00:00
t2i100m,nd16,t2i100m/nd16,r9152,0.9152,779.0,R01,80,8000,20,64,16,1,0,,,,23,25.53,0.00782122905027933,2026-07-29T11:36:16.129932+00:00
t2i100m,nd16,t2i100m/nd16,r9233,0.9233,704.0,R00,104,8000,20,64,16,1,0,,,,23,25.53,0.00782122905027933,2026-07-29T11:36:16.129932+00:00
t2i10m,co16,t2i10m/co16,p8,0.8456,3919.0,F00,8,800,16,32,16,2,0,,,,28,25.52,0.0007655014034192396,2026-07-29T11:43:03.492274+00:00
t2i10m,co16,t2i10m/co16,p16,0.889,3292.0,R01,16,1000,16,32,16,2,0,,,,28,25.52,0.0007655014034192396,2026-07-29T11:43:03.492274+00:00
t2i10m,co16,t2i10m/co16,p40,0.9215,2483.0,F02,40,1000,16,32,16,2,0,,,,28,25.52,0.0007655014034192396,2026-07-29T11:43:03.492274+00:00
t2i10m,hybrid,t2i10m/hybrid,p40,0.9414,1976.0,F00,40,1000,20,48,32,2,0,,,,30,24.45,0.0036363636363636364,2026-07-29T11:52:26.499521+00:00
t2i10m,hybrid,t2i10m/hybrid,p192,0.9784,767.0,R05,192,3000,20,48,32,3,0,,,,30,24.45,0.0036363636363636364,2026-07-29T11:52:26.499521+00:00
t2i10m,hybrid,t2i10m/hybrid,p384,0.985,469.0,R04,384,6000,16,48,32,3,0,,,,30,24.45,0.0036363636363636364,2026-07-29T11:52:26.499521+00:00
t2i10m,hybrid,t2i10m/hybrid,bf256m96,0.9931,402.0,R03,256,8000,64,96,32,6,1,,,,30,24.45,0.0036363636363636364,2026-07-29T11:52:26.499521+00:00
t2i10m,hybrid,t2i10m/hybrid,bf384m96,0.9935,380.0,F04,384,8000,64,96,32,4,1,,,,30,24.45,0.0036363636363636364,2026-07-29T11:52:26.499521+00:00
t2i10m,hybrid,t2i10m/hybrid,bf384m128,0.9947,321.0,F05,384,10000,64,128,32,5,1,,,,30,24.45,0.0036363636363636364,2026-07-29T11:52:26.499521+00:00
t2i10m,hybrid,t2i10m/hybrid,bf512m128,0.9954,275.0,F06,512,12000,64,128,32,5,1,,,,30,24.45,0.0036363636363636364,2026-07-29T11:52:26.499521+00:00
t2i10m,nd16,t2i10m/nd16,p16,0.8776,3318.0,F00,16,1000,16,32,16,2,0,,,,29,24.17,0.006004618937644342,2026-07-29T11:45:28.347910+00:00
t2i10m,nd16,t2i10m/nd16,p24,0.8969,2973.0,F01,24,1000,16,32,16,2,0,,,,29,24.17,0.006004618937644342,2026-07-29T11:45:28.347910+00:00
t2i10m,nd16,t2i10m/nd16,p32,0.9081,2716.0,F02,32,1000,16,32,16,2,0,,,,29,24.17,0.006004618937644342,2026-07-29T11:45:28.347910+00:00
t2i10m,nd16,t2i10m/nd16,p56,0.9245,2165.0,F03,56,1000,16,32,16,2,0,,,,29,24.17,0.006004618937644342,2026-07-29T11:45:28.347910+00:00
t2i10m,nd16,t2i10m/nd16,p128,0.9567,1205.0,F04,128,2000,16,32,16,3,0,,,,29,24.17,0.006004618937644342,2026-07-29T11:45:28.347910+00:00
t2i10m,nd16,t2i10m/nd16,p192,0.9675,858.0,F05,192,3000,16,32,16,3,0,,,,29,24.17,0.006004618937644342,2026-07-29T11:45:28.347910+00:00
t2i10m,nd32,t2i10m/nd32,p192,0.9754,788.0,F00,192,3000,16,48,32,3,0,,,,40,27.58,0.0015923566878980893,2026-07-29T12:46:58.204201+00:00
t2i10m,nd32,t2i10m/nd32,p256,0.9807,628.0,R00,256,4000,16,48,32,4,0,,,,40,27.58,0.0015923566878980893,2026-07-29T12:46:58.204201+00:00
t2i1m,kf16384-hybrid,t2i1m/kf16384-hybrid,p40,0.9784,2369.0,F00,40,1500,20,48,32,3,0,,,,39,24.15,0.004221190375685944,2026-07-29T12:43:12.598381+00:00
t2i1m,kf16384-hybrid,t2i1m/kf16384-hybrid,p128,0.9914,1551.0,R00,128,3000,20,48,32,3,0,,,,39,24.15,0.004221190375685944,2026-07-29T12:43:12.598381+00:00
t2i1m,kf16384-nd16,t2i1m/kf16384-nd16,p40,0.954,3617.0,R03,40,1000,16,32,16,2,0,,,,27,23.99,0.0036136662286465177,2026-07-29T11:41:36.652936+00:00
t2i1m,kf16384-nd16,t2i1m/kf16384-nd16,p56,0.9659,3044.0,R02,56,1500,16,32,16,2,0,,,,27,23.99,0.0036136662286465177,2026-07-29T11:41:36.652936+00:00
t2i1m,kf16384-nd16,t2i1m/kf16384-nd16,p80,0.9755,2542.0,F02,80,2000,16,32,16,2,0,,,,27,23.99,0.0036136662286465177,2026-07-29T11:41:36.652936+00:00
t2i1m,kf16384-nd16,t2i1m/kf16384-nd16,p128,0.9859,1817.0,F03,128,3000,16,32,16,3,0,,,,27,23.99,0.0036136662286465177,2026-07-29T11:41:36.652936+00:00
t2i1m,kf2048-co16,t2i1m/kf2048-co16,p1m16f250w16,0.7524,10348.0,F04,1,250,16,16,16,2,0,,,,46,25.36,0.008701298701298701,2026-07-29T20:55:06.808801+00:00
t2i1m,kf2048-co16,t2i1m/kf2048-co16,p1m16f250w32,0.7524,10062.0,R06,1,250,32,16,16,2,0,,,,46,25.36,0.008701298701298701,2026-07-29T20:55:06.808801+00:00
t2i1m,kf2048-co16,t2i1m/kf2048-co16,p1,0.7728,8526.0,F00,1,400,16,24,16,2,0,,,,46,25.36,0.008701298701298701,2026-07-29T20:55:06.808801+00:00
t2i1m,kf2048-co16,t2i1m/kf2048-co16,p2m16f400w16,0.8293,7806.0,F06,2,400,16,16,16,2,0,,,,46,25.36,0.008701298701298701,2026-07-29T20:55:06.808801+00:00
t2i1m,kf2048-co16,t2i1m/kf2048-co16,p2m16f400w32,0.8293,7700.0,F07,2,400,32,16,16,2,0,,,,46,25.36,0.008701298701298701,2026-07-29T20:55:06.808801+00:00
t2i1m,kf2048-co16,t2i1m/kf2048-co16,p2,0.8443,6815.0,F01,2,500,16,24,16,2,0,,,,46,25.36,0.008701298701298701,2026-07-29T20:55:06.808801+00:00
t2i1m,kf2048-co16,t2i1m/kf2048-co16,p3m16f500w16,0.864,6685.0,F08,3,500,16,16,16,2,0,,,,46,25.36,0.008701298701298701,2026-07-29T20:55:06.808801+00:00
t2i1m,kf2048-co16,t2i1m/kf2048-co16,p3m16f500w32,0.864,6590.0,F09,3,500,32,16,16,2,0,,,,46,25.36,0.008701298701298701,2026-07-29T20:55:06.808801+00:00
t2i1m,kf2048-co16,t2i1m/kf2048-co16,p3,0.8763,5983.0,F02,3,600,16,24,16,2,0,,,,46,25.36,0.008701298701298701,2026-07-29T20:55:06.808801+00:00
t2i1m,kf2048-co16,t2i1m/kf2048-co16,p4m16f600w16,0.8867,5897.0,F10,4,600,16,16,16,2,0,,,,46,25.36,0.008701298701298701,2026-07-29T20:55:06.808801+00:00
t2i1m,kf2048-co16,t2i1m/kf2048-co16,p4m16f600w32,0.8867,5787.0,F11,4,600,32,16,16,2,0,,,,46,25.36,0.008701298701298701,2026-07-29T20:55:06.808801+00:00
t2i1m,kf2048-co16,t2i1m/kf2048-co16,p4,0.8968,5315.0,R08,4,700,16,24,16,2,0,,,,46,25.36,0.008701298701298701,2026-07-29T20:55:06.808801+00:00
t2i1m,kf2048-hybrid,t2i1m/kf2048-hybrid,p1h1m24f250,0.7296,11360.0,R15,1,250,16,24,32,1,0,,,,50,22.52,0.02078913873568095,2026-07-29T21:02:44.379382+00:00
t2i1m,kf2048-hybrid,t2i1m/kf2048-hybrid,p1h1m32f250,0.7436,10335.0,R14,1,250,16,32,32,1,0,,,,50,22.52,0.02078913873568095,2026-07-29T21:02:44.379382+00:00
t2i1m,kf2048-hybrid,t2i1m/kf2048-hybrid,p1h1m32f400,0.7447,9777.0,R11,1,400,16,32,32,1,0,,,,50,22.52,0.02078913873568095,2026-07-29T21:02:44.379382+00:00
t2i1m,kf2048-hybrid,t2i1m/kf2048-hybrid,p1h1m40f250,0.7522,9428.0,R13,1,250,16,40,32,1,0,,,,50,22.52,0.02078913873568095,2026-07-29T21:02:44.379382+00:00
t2i1m,kf2048-hybrid,t2i1m/kf2048-hybrid,p1h1m48f250,0.7594,8749.0,R12,1,250,16,48,32,1,0,,,,50,22.52,0.02078913873568095,2026-07-29T21:02:44.379382+00:00
t2i1m,kf2048-hybrid,t2i1m/kf2048-hybrid,p2m24f500,0.8811,6925.0,R10,2,500,16,24,32,2,0,,,,50,22.52,0.02078913873568095,2026-07-29T21:02:44.379382+00:00
t2i1m,kf2048-hybrid,t2i1m/kf2048-hybrid,p2m24f800,0.8819,6405.0,R09,2,800,16,24,32,2,0,,,,50,22.52,0.02078913873568095,2026-07-29T21:02:44.379382+00:00
t2i1m,kf2048-hybrid,t2i1m/kf2048-hybrid,p2m24f1200,0.8823,5860.0,R08,2,1200,16,24,32,2,0,,,,50,22.52,0.02078913873568095,2026-07-29T21:02:44.379382+00:00
t2i1m,kf2048-hybrid,t2i1m/kf2048-hybrid,p2m32f500,0.8909,6183.0,R07,2,500,16,32,32,2,0,,,,50,22.52,0.02078913873568095,2026-07-29T21:02:44.379382+00:00
t2i1m,kf2048-hybrid,t2i1m/kf2048-hybrid,p3m24f900,0.9054,5578.0,F09,3,900,16,24,32,2,0,,,,50,22.52,0.02078913873568095,2026-07-29T21:02:44.379382+00:00
t2i1m,kf2048-hybrid,t2i1m/kf2048-hybrid,p3m32f900,0.914,5074.0,F10,3,900,16,32,32,2,0,,,,50,22.52,0.02078913873568095,2026-07-29T21:02:44.379382+00:00
t2i1m,kf2048-hybrid,t2i1m/kf2048-hybrid,p4m24f700,0.9197,5457.0,F11,4,700,16,24,32,2,0,,,,50,22.52,0.02078913873568095,2026-07-29T21:02:44.379382+00:00
t2i1m,kf2048-hybrid,t2i1m/kf2048-hybrid,p4m24f1100,0.9202,4901.0,F12,4,1100,16,24,32,2,0,,,,50,22.52,0.02078913873568095,2026-07-29T21:02:44.379382+00:00
t2i1m,kf2048-hybrid,t2i1m/kf2048-hybrid,p4m24f1600,0.9211,4411.0,F13,4,1600,16,24,32,2,0,,,,50,22.52,0.02078913873568095,2026-07-29T21:02:44.379382+00:00
t2i1m,kf2048-hybrid,t2i1m/kf2048-hybrid,p4m32f700,0.9275,5001.0,R01,4,700,16,32,32,2,0,,,,50,22.52,0.02078913873568095,2026-07-29T21:02:44.379382+00:00
t2i1m,kf2048-hybrid,t2i1m/kf2048-hybrid,p4m32f1200,0.9288,4415.0,R00,4,1200,16,32,32,2,0,,,,50,22.52,0.02078913873568095,2026-07-29T21:02:44.379382+00:00
t2i1m,kf4096-co16,t2i1m/kf4096-co16,p1,0.7544,11845.0,F00,1,400,16,24,16,2,0,,,,51,15.13,0.03674219228413962,2026-07-29T21:03:14.079606+00:00
t2i1m,kf4096-co16,t2i1m/kf4096-co16,p2m12f400,0.7984,11927.0,F04,2,400,16,12,16,2,0,,,,51,15.13,0.03674219228413962,2026-07-29T21:03:14.079606+00:00
t2i1m,kf4096-co16,t2i1m/kf4096-co16,p2m14f400,0.8044,11582.0,F05,2,400,16,14,16,2,0,,,,51,15.13,0.03674219228413962,2026-07-29T21:03:14.079606+00:00
t2i1m,kf4096-co16,t2i1m/kf4096-co16,p2m16f400,0.809,11199.0,F06,2,400,16,16,16,2,0,,,,51,15.13,0.03674219228413962,2026-07-29T21:03:14.079606+00:00
t2i1m,kf4096-co16,t2i1m/kf4096-co16,p2,0.8243,9798.0,F01,2,500,16,24,16,2,0,,,,51,15.13,0.03674219228413962,2026-07-29T21:03:14.079606+00:00
t2i1m,kf4096-co16,t2i1m/kf4096-co16,p3m16f500,0.8456,9731.0,F07,3,500,16,16,16,2,0,,,,51,15.13,0.03674219228413962,2026-07-29T21:03:14.079606+00:00
t2i1m,kf4096-co16,t2i1m/kf4096-co16,p3,0.8582,8570.0,F02,3,600,16,24,16,2,0,,,,51,15.13,0.03674219228413962,2026-07-29T21:03:14.079606+00:00
t2i1m,kf4096-co16,t2i1m/kf4096-co16,p4m16f600,0.8686,8776.0,F08,4,600,16,16,16,2,0,,,,51,15.13,0.03674219228413962,2026-07-29T21:03:14.079606+00:00
t2i1m,kf4096-co16,t2i1m/kf4096-co16,p4m18f600,0.8719,8492.0,R01,4,600,16,18,16,2,0,,,,51,15.13,0.03674219228413962,2026-07-29T21:03:14.079606+00:00
t2i1m,kf4096-co16,t2i1m/kf4096-co16,p4m20f600,0.8748,8385.0,R00,4,600,16,20,16,2,0,,,,51,15.13,0.03674219228413962,2026-07-29T21:03:14.079606+00:00
t2i1m,kf4096-co16,t2i1m/kf4096-co16,p4,0.8792,7670.0,F03,4,700,16,24,16,2,0,,,,51,15.13,0.03674219228413962,2026-07-29T21:03:14.079606+00:00
t2i1m,kf4096-hybrid,t2i1m/kf4096-hybrid,p2m24f500,0.8655,7963.0,R13,2,500,16,24,32,2,0,,,,52,13.31,0.007255936675461741,2026-07-29T21:04:06.965212+00:00
t2i1m,kf4096-hybrid,t2i1m/kf4096-hybrid,p2m24f800,0.8665,7580.0,F01,2,800,16,24,32,2,0,,,,52,13.31,0.007255936675461741,2026-07-29T21:04:06.965212+00:00
t2i1m,kf4096-hybrid,t2i1m/kf4096-hybrid,p2m24f1200,0.8667,7199.0,R11,2,1200,16,24,32,2,0,,,,52,13.31,0.007255936675461741,2026-07-29T21:04:06.965212+00:00
t2i1m,kf4096-hybrid,t2i1m/kf4096-hybrid,p2m32f500,0.8786,7066.0,R10,2,500,16,32,32,2,0,,,,52,13.31,0.007255936675461741,2026-07-29T21:04:06.965212+00:00
t2i1m,kf4096-hybrid,t2i1m/kf4096-hybrid,p2m32f900,0.8796,6629.0,F04,2,900,16,32,32,2,0,,,,52,13.31,0.007255936675461741,2026-07-29T21:04:06.965212+00:00
t2i1m,kf4096-hybrid,t2i1m/kf4096-hybrid,p4m24f700,0.9061,6609.0,F05,4,700,16,24,32,2,0,,,,52,13.31,0.007255936675461741,2026-07-29T21:04:06.965212+00:00
t2i1m,kf4096-hybrid,t2i1m/kf4096-hybrid,p4m24f1100,0.9067,6023.0,R07,4,1100,16,24,32,2,0,,,,52,13.31,0.007255936675461741,2026-07-29T21:04:06.965212+00:00
t2i1m,kf4096-hybrid,t2i1m/kf4096-hybrid,p4m24f1600,0.9071,5501.0,R06,4,1600,16,24,32,2,0,,,,52,13.31,0.007255936675461741,2026-07-29T21:04:06.965212+00:00
t2i1m,kf4096-hybrid,t2i1m/kf4096-hybrid,p4m32f700,0.9154,5914.0,F08,4,700,16,32,32,2,0,,,,52,13.31,0.007255936675461741,2026-07-29T21:04:06.965212+00:00
t2i1m,kf4096-hybrid,t2i1m/kf4096-hybrid,p4m32f1100,0.9161,5451.0,F09,4,1100,16,32,32,2,0,,,,52,13.31,0.007255936675461741,2026-07-29T21:04:06.965212+00:00
t2i1m,kf4096-hybrid,t2i1m/kf4096-hybrid,p4m32f1600,0.9165,5044.0,F10,4,1600,16,32,32,2,0,,,,52,13.31,0.007255936675461741,2026-07-29T21:04:06.965212+00:00
t2i1m,kf4096-hybrid,t2i1m/kf4096-hybrid,p8m32f800,0.9431,4932.0,R02,8,800,16,32,32,2,0,,,,52,13.31,0.007255936675461741,2026-07-29T21:04:06.965212+00:00
t2i1m,kf4096-hybrid,t2i1m/kf4096-hybrid,p8m32f1500,0.9447,4289.0,F12,8,1500,16,32,32,2,0,,,,52,13.31,0.007255936675461741,2026-07-29T21:04:06.965212+00:00
t2i1m,kf4096-hybrid,t2i1m/kf4096-hybrid,p8m32f2500,0.945,3646.0,F13,8,2500,16,32,32,2,0,,,,52,13.31,0.007255936675461741,2026-07-29T21:04:06.965212+00:00
t2i1m,ndk64,t2i1m/ndk64,wk64p64,0.9847,2138.0,R02,64,1600,32,32,64,2,1,,,,55,9.21,0.03695042095416277,2026-07-30T13:58:55.619798+00:00
t2i1m,ndk64,t2i1m/ndk64,wk64p80,0.9877,1951.0,R01,80,2000,32,32,64,2,1,,,,55,9.21,0.03695042095416277,2026-07-30T13:58:55.619798+00:00
t2i1m,ndk64,t2i1m/ndk64,wk64p96,0.9899,1802.0,F02,96,2400,32,32,64,2,1,,,,55,9.21,0.03695042095416277,2026-07-30T13:58:55.619798+00:00
webvid,seed128-k64,webvid/seed128-k64,r9019,0.9019,2795.0,F00,2,250,32,48,64,3,1,,,,31,24.54,0.00145985401459854,2026-07-29T11:53:50.860520+00:00
webvid,seed128-k64,webvid/seed128-k64,r9024,0.9024,2740.0,R00,2,250,48,48,64,3,1,,,,31,24.54,0.00145985401459854,2026-07-29T11:53:50.860520+00:00
webvid,seed256-k64,webvid/seed256-k64,r9121,0.9121,2716.0,R01,2,250,48,48,64,3,1,,,,32,23.89,0.007731958762886598,2026-07-29T11:55:21.039458+00:00
webvid,seed256-k64,webvid/seed256-k64,r9322,0.9322,1825.0,F01,2,300,64,64,64,4,1,,,,32,23.89,0.007731958762886598,2026-07-29T11:55:21.039458+00:00
webvid,seed512-k32,webvid/seed512-k32,r9188,0.9188,2369.0,R05,2,300,64,64,32,4,1,,,,42,25.18,0.004643309413254538,2026-07-29T12:52:51.783387+00:00
webvid,seed512-k32,webvid/seed512-k32,r9383,0.9383,1423.0,R04,4,400,128,80,32,6,1,,,,42,25.18,0.004643309413254538,2026-07-29T12:52:51.783387+00:00
webvid,seed512-k32,webvid/seed512-k32,r9415,0.9415,1272.0,R03,8,700,128,80,32,6,1,,,,42,25.18,0.004643309413254538,2026-07-29T12:52:51.783387+00:00
webvid,seed512-k32,webvid/seed512-k32,r9523,0.9523,1003.0,R02,16,1000,128,96,32,6,1,,,,42,25.18,0.004643309413254538,2026-07-29T12:52:51.783387+00:00
webvid,seed512-k32,webvid/seed512-k32,r9626,0.9626,684.0,R01,32,1500,128,96,32,8,1,,,,42,25.18,0.004643309413254538,2026-07-29T12:52:51.783387+00:00
webvid,seed512-k32,webvid/seed512-k32,r9677,0.9677,541.0,R00,48,2000,192,112,32,8,1,,,,42,25.18,0.004643309413254538,2026-07-29T12:52:51.783387+00:00
webvid,seed512-k64,webvid/seed512-k64,w9409,0.9409,1715.0,F00,2,300,64,64,64,4,1,,,,53,7.76,0.0258732212160414,2026-07-30T12:22:42.886627+00:00
webvid,seed512-k64,webvid/seed512-k64,w9556,0.9556,1050.0,R02,4,400,128,80,64,6,1,,,,53,7.76,0.0258732212160414,2026-07-30T12:22:42.886627+00:00
webvid,seed512-k64,webvid/seed512-k64,w9657,0.9657,773.0,R01,16,1000,128,96,64,6,1,,,,53,7.76,0.0258732212160414,2026-07-30T12:22:42.886627+00:00
webvid,seed512-k64,webvid/seed512-k64,w48f2000,0.9767,448.0,R00,48,2000,192,112,64,8,1,,,,53,7.76,0.0258732212160414,2026-07-30T12:22:42.886627+00:00
webvid,seed64-k64,webvid/seed64-k64,r8062,0.8062,5527.0,F00,2,150,32,24,48,2,1,,,,41,25.54,0.0003618599601954044,2026-07-29T12:49:04.431733+00:00
webvid,seed768-k32,webvid/seed768-k32,p64f2000,0.9721,480.0,F00,64,2000,192,112,32,8,1,,,,43,24.31,0.0056657223796034,2026-07-29T13:03:03.385294+00:00
webvid,seed768-k32,webvid/seed768-k32,p64f2500,0.9721,469.0,F01,64,2500,192,112,32,8,1,,,,43,24.31,0.0056657223796034,2026-07-29T13:03:03.385294+00:00
webvid,seed768-k32,webvid/seed768-k32,p64f3000,0.9721,458.0,F02,64,3000,192,112,32,8,1,,,,43,24.31,0.0056657223796034,2026-07-29T13:03:03.385294+00:00
webvid,seed768-k32,webvid/seed768-k32,p96f2500,0.977,371.0,R05,96,2500,256,128,32,8,1,,,,43,24.31,0.0056657223796034,2026-07-29T13:03:03.385294+00:00
webvid,seed768-k32,webvid/seed768-k32,p96f3000,0.977,365.0,F04,96,3000,256,128,32,8,1,,,,43,24.31,0.0056657223796034,2026-07-29T13:03:03.385294+00:00
webvid,seed768-k32,webvid/seed768-k32,p96f4000,0.977,353.0,F05,96,4000,256,128,32,8,1,,,,43,24.31,0.0056657223796034,2026-07-29T13:03:03.385294+00:00
webvid,seed768-k32,webvid/seed768-k32,p128f3000,0.9798,290.0,F06,128,3000,256,128,32,10,1,,,,43,24.31,0.0056657223796034,2026-07-29T13:03:03.385294+00:00
webvid,seed768-k32,webvid/seed768-k32,p128f4000,0.9798,282.0,F07,128,4000,256,128,32,10,1,,,,43,24.31,0.0056657223796034,2026-07-29T13:03:03.385294+00:00
webvid,seed768-k32,webvid/seed768-k32,p128f5000,0.9798,275.0,F08,128,5000,256,128,32,10,1,,,,43,24.31,0.0056657223796034,2026-07-29T13:03:03.385294+00:00
webvid,seed768-k64,webvid/seed768-k64,w64f2500,0.9797,398.0,F00,64,2500,192,112,64,8,1,,,,54,8.09,0.02834008097165992,2026-07-30T12:27:53.810435+00:00
webvid,seed768-k64,webvid/seed768-k64,w96f3000,0.9827,314.0,F01,96,3000,256,128,64,8,1,,,,54,8.09,0.02834008097165992,2026-07-30T12:27:53.810435+00:00
webvid,seed768-k64,webvid/seed768-k64,w128f4000,0.9851,247.0,R00,128,4000,256,128,64,10,1,,,,54,8.09,0.02834008097165992,2026-07-30T12:27:53.810435+00:00
wiki35m,cascade,wiki35m/cascade,r9328,0.9328,804.0,F00,8,250,12,48,64,1,1,,,,44,11.93,0.028208744710860368,2026-07-29T20:35:37.911539+00:00
wiki35m,cascade,wiki35m/cascade,r9354,0.9354,803.0,F01,10,250,16,32,64,1,1,,,,44,11.93,0.028208744710860368,2026-07-29T20:35:37.911539+00:00
wiki35m,cascade,wiki35m/cascade,r9421,0.9421,782.0,R11,12,250,12,32,64,1,1,,,,44,11.93,0.028208744710860368,2026-07-29T20:35:37.911539+00:00
wiki35m,cascade,wiki35m/cascade,r9476,0.9476,762.0,F03,14,250,16,32,64,1,1,,,,44,11.93,0.028208744710860368,2026-07-29T20:35:37.911539+00:00
wiki35m,cascade,wiki35m/cascade,r9505,0.9505,724.0,R09,12,250,12,64,64,1,1,,,,44,11.93,0.028208744710860368,2026-07-29T20:35:37.911539+00:00
wiki35m,cascade,wiki35m/cascade,r9511,0.9511,739.0,R08,16,250,12,32,64,1,1,,,,44,11.93,0.028208744710860368,2026-07-29T20:35:37.911539+00:00
wiki35m,cascade,wiki35m/cascade,r9531,0.9531,731.0,R07,14,250,16,48,64,1,1,,,,44,11.93,0.028208744710860368,2026-07-29T20:35:37.911539+00:00
wiki35m,cascade,wiki35m/cascade,r9566,0.9566,709.0,R06,16,250,12,48,64,1,1,,,,44,11.93,0.028208744710860368,2026-07-29T20:35:37.911539+00:00
wiki35m,cascade,wiki35m/cascade,r9590,0.959,683.0,R05,16,250,12,64,64,1,1,,,,44,11.93,0.028208744710860368,2026-07-29T20:35:37.911539+00:00
wiki35m,cascade,wiki35m/cascade,r9609,0.9609,672.0,R04,16,500,16,64,64,1,1,,,,44,11.93,0.028208744710860368,2026-07-29T20:35:37.911539+00:00
wiki35m,cascade,wiki35m/cascade,r9677,0.9677,587.0,F10,22,1150,32,64,64,1,1,,,,44,11.93,0.028208744710860368,2026-07-29T20:35:37.911539+00:00
wiki35m,cascade,wiki35m/cascade,r9723,0.9723,528.0,F11,32,1500,32,48,64,1,1,,,,44,11.93,0.028208744710860368,2026-07-29T20:35:37.911539+00:00
wiki35m,cascade,wiki35m/cascade,r9860,0.986,398.0,F12,48,2500,64,48,64,2,1,,,,44,11.93,0.028208744710860368,2026-07-29T20:35:37.911539+00:00
wiki35m,cascade,wiki35m/cascade,r9925,0.9925,283.0,F13,96,4000,64,48,64,2,1,,,,44,11.93,0.028208744710860368,2026-07-29T20:35:37.911539+00:00
